file_name,data_frame_name
1.2.1_C010201_MDT template.xlsx,MDT_01.02.01
1.5.1_C010501_MDT template.xlsx,MDT_01.05.01
1.5.2_C010502_MDT template.xlsx,MDT_01.05.02
1.5.4_C010504_MDT template.xlsx,MDT_01.05.04
10.1.1.xlsx,MDT_10.01.01
10.c.1.xlsx,MDT_10.0c.01
11.5.1.1SDGsMatrix.xlsx,MDT_11.05.01.1
11.5.1.2 SDGsMatrix.xlsx,MDT_11.05.01.2
11.5.1.3SDGsMatrix.xlsx,MDT_11.05.01.3
11.b.2SDGsMatrix.xlsx,MDT_11.0b.02
12.1.1SDGsMatrix.xlsx,MDT_12.01.01
12.4.1SDGsMatrix.xlsx,MDT_12.04.01
13.1.1.1 SDGsMatrix.xlsx,MDT_13.01.01.1
13.1.1.2 SDGsMatrix.xlsx,MDT_13.01.01.2
13.1.1.3 SDGsMatrix.xlsx,MDT_13.01.01.3
15.1.1SDGsMatrix.xlsx,MDT_15.01.01
15.1.2SDGsMatrix.xlsx,MDT_15.01.02
15.4.1SDGsMatrix.xlsx,MDT_15.04.01
15.4.2SDGsMatrix.xlsx,MDT_15.04.02
15.5.1SDGsMatrix.xlsx,MDT_15.05.01
15.a.1SDGsMatrix.xlsx,MDT_15.0a.01
15.b.1SDGsMatrix.xlsx,MDT_15.0b.01
16.1.1.xlsx,MDT_16.01.01
16.1.4.xlsx,MDT_16.01.04
16.2.1.xlsx,MDT_16.02.01
16.3.1.xlsx,MDT_16.03.01
16.3.2.xlsx,MDT_16.03.02
16.5.1.xlsx,MDT_16.05.01
16.6.2_1.xlsx,MDT_16.06.02_1
16.6.2_2.xlsx,MDT_16.06.02_2
16.6.2_3.xlsx,MDT_16.06.02_3
16.6.2_4.xlsx,MDT_16.06.02_4
16.7.2_1.xlsx,MDT_16.07.02_1
16.7.2_2.xlsx,MDT_16.07.02_2
16.9.1_1.xlsx,MDT_16.09.01_1
16.9.1_2.xlsx,MDT_16.09.01_2
16.9.1_3.xlsx,MDT_16.09.01_3
16.9.1_4.xlsx,MDT_16.09.01_4
16.9.1_5.xlsx,MDT_16.09.01_5
16.b.1.xlsx,MDT_16.0b.01
17.1.1.xlsx,MDT_17.01.01
17.1.2.xlsx,MDT_17.01.02
17.18.3.xlsx,MDT_17.18.03
17.19.2_2.xlsx,MDT_17.19.02_2
17.19.2_3.xlsx,MDT_17.19.02_3
17.3.1.xlsx,MDT_17.03.01
17.3.2.xlsx,MDT_17.03.02
17.6.2_1.xlsx,MDT_17.06.02_1
17.6.2_2.xlsx,MDT_17.06.02_2
17.6.2_3.xlsx,MDT_17.06.02_3
17.8.1.xlsx,MDT_17.08.01
2.1.2_C020102_MDT template.xlsx,MDT_02.01.02
2.2.1_C020201_MDT template.xlsx,MDT_02.02.01
5.2.1_C050201_MDT template.xlsx,MDT_05.02.01
5.2.2_C050202_MDT template.xlsx,MDT_05.02.02
5.3.1_C050301_MDT template.xlsx,MDT_05.03.01
5.4.1_C050401_MDT template.xlsx,MDT_05.04.01
5.5.1_C050501_MDT template.xlsx,MDT_05.05.01
5.5.2_C050502_MDT template.xlsx,MDT_05.05.02
5.b.1_C050b01_MDT template.xlsx,MDT_05.0b.01
6.1.1 multi.xlsx,MDT_06.01.01
6.2.1 multi.xlsx,MDT_06.02.01
7.1.1 mulit.xlsx,MDT_07.01.01
7.1.2 multi.xlsx,MDT_07.01.02
8.1.1M.xlsx,MDT_08.01.01
8.10.1M.xlsx,MDT_08.10.01
8.10.2M.xlsx,MDT_08.10.02
8.2.1M.xlsx,MDT_08.02.01
8.3.1M.xlsx,MDT_08.03.01
8.5.1M.xlsx,MDT_08.05.01
8.5.2M.xlsx,MDT_08.05.02
8.6.1M.xlsx,MDT_08.06.01
8.7.1M.xlsx,MDT_08.07.01
8.9.1M.xlsx,MDT_08.09.01
8.9.2M.xlsx,MDT_08.09.02
8.a.1M.xlsx,MDT_08.0a.01
9.2.1M.xlsx,MDT_09.02.01
9.2.2M.xlsx,MDT_09.02.02
9.3.1M.xlsx,MDT_09.03.01
9.4.1M.xlsx,MDT_09.04.01
9.5.1M.xlsx,MDT_09.05.01
9.5.2M.xlsx,MDT_09.05.02
9.b.1M.xlsx,MDT_09.0b.01
9.c.1M.xlsx,MDT_09.0c.01
Subindicator_C030101_01_template.xlsx,MDT_03.01.01
Subindicator_C030102_01_template.xlsx,MDT_03.01.02
Subindicator_C030201_01_template.xlsx,MDT_03.02.01
Subindicator_C030202_01_template.xlsx,MDT_03.02.02
Subindicator_C030301_01_template.xlsx,MDT_03.03.01
Subindicator_C030302_01_template.xlsx,MDT_03.03.02
Subindicator_C030303_01_template.xlsx,MDT_03.03.03
Subindicator_C030304_01_template.xlsx,MDT_03.03.04
Subindicator_C030401_01_template.xlsx,MDT_03.04.01
Subindicator_C030701_01_template.xlsx,MDT_03.07.01
Subindicator_C030702_01_template.xlsx,MDT_03.07.02
Subindicator_C030a01_01_template.xlsx,MDT_03.0a.01
Subindicator_C040202_01_template (1).xlsx,MDT_04.02.02
Subindicator_C040301_01_template.xlsx,MDT_04.03.01
Subindicator_C040401_01_template.xlsx,MDT_04.04.01
Subindicator_C040a01_01_template.xlsx,MDT_04.0a.01
Subindicator_C040c01_01_template.xlsx,MDT_04.0c.01
